dt,x,y,position,velocity,acceleration,jerk,heading
0.010000,40.000000,17.750000,0.000050,0.009991,0.999103,99.910274,1.570796
0.010000,40.000000,17.750000,0.000250,0.029973,1.998205,99.910274,1.570796
0.010000,40.000000,17.750000,0.000699,0.059946,2.997308,99.910274,1.570796
0.010000,40.000000,17.750000,0.001499,0.099910,3.996411,99.910274,1.570796
0.010000,40.000000,17.750505,0.002748,0.149865,4.995514,99.910274,1.570796
0.010000,40.000000,17.752303,0.004546,0.209812,5.994616,99.910274,1.570796
0.010000,40.000000,17.754751,0.006994,0.279749,6.993719,99.910274,1.570796
0.010000,40.000000,17.757948,0.010191,0.359677,7.992822,99.910274,1.570796
0.010000,40.000000,17.761995,0.014237,0.449596,8.991925,99.910274,1.570796
0.010000,40.000000,17.766990,0.019233,0.549507,9.991027,99.910274,1.570796
0.010000,40.000000,17.772985,0.025227,0.649417,9.991027,-0.000000,1.570796
0.010000,40.000000,17.779979,0.032221,0.749327,9.991027,0.000000,1.570796
0.010000,40.000000,17.787971,0.040214,0.849237,9.991027,-0.000000,1.570796
0.010000,40.000000,17.796963,0.049206,0.949148,9.991027,0.000000,1.570796
0.010000,40.000000,17.806954,0.059197,1.049058,9.991027,0.000000,1.570796
0.010000,40.000000,17.817944,0.070187,1.148968,9.991027,-0.000000,1.570796
0.010000,40.000000,17.829934,0.082176,1.248878,9.991027,0.000000,1.570796
0.010000,40.000000,17.842922,0.095165,1.348789,9.991027,-0.000000,1.570796
0.010000,40.000000,17.856909,0.109152,1.448699,9.991027,0.000000,1.570796
0.010000,40.000000,17.871896,0.124139,1.548609,9.991027,-0.000000,1.570796
0.010000,40.000000,17.887882,0.140124,1.648520,9.991027,0.000000,1.570796
0.010000,40.000000,17.904866,0.157109,1.748430,9.991027,0.000000,1.570796
0.010000,40.000000,17.922850,0.175093,1.848340,9.991027,-0.000000,1.570796
0.010000,40.000000,17.941833,0.194076,1.948250,9.991027,0.000000,1.570796
0.010000,40.000000,17.961815,0.214058,2.048161,9.991027,0.000000,1.570796
0.010000,40.000000,17.982796,0.235039,2.148071,9.991027,-0.000000,1.570796
0.010000,40.000000,18.004777,0.257019,2.247981,9.991027,0.000000,1.570796
0.010000,40.000000,18.027756,0.279999,2.347891,9.991027,0.000000,1.570796
0.010000,40.000000,18.051735,0.303977,2.447802,9.991027,0.000000,1.570796
0.010000,40.000000,18.076712,0.328955,2.547712,9.991027,0.000000,1.570796
0.010000,40.000000,18.102689,0.354931,2.647622,9.991027,-0.000000,1.570796
0.010000,40.000000,18.129665,0.381907,2.747533,9.991027,0.000000,1.570796
0.010000,40.000000,18.157639,0.409882,2.847443,9.991027,0.000000,1.570796
0.010000,40.000000,18.186613,0.438856,2.947353,9.991027,0.000000,1.570796
0.010000,40.000000,18.216586,0.468829,3.047263,9.991027,-0.000000,1.570796
0.010000,40.000000,18.247559,0.499801,3.147174,9.991027,0.000000,1.570796
0.010000,40.000000,18.279530,0.531772,3.247084,9.991027,0.000000,1.570796
0.010000,40.000000,18.312500,0.564743,3.346994,9.991027,-0.000000,1.570796
0.010000,40.000000,18.346470,0.598712,3.446904,9.991027,0.000000,1.570796
0.010000,40.000000,18.381438,0.633681,3.546815,9.991027,0.000000,1.570796
0.010000,40.000000,18.417406,0.669649,3.646725,9.991027,0.000000,1.570796
0.010000,40.000000,18.454373,0.706615,3.746635,9.991027,-0.000000,1.570796
0.010000,40.000000,18.492339,0.744581,3.846546,9.991027,0.000000,1.570796
0.010000,40.000000,18.531304,0.783546,3.946456,9.991027,-0.000000,1.570796
0.010000,40.000000,18.571268,0.823510,4.046366,9.991027,0.000000,1.570796
0.010000,40.000000,18.612231,0.864474,4.146276,9.991027,-0.000000,1.570796
0.010000,40.000000,18.654193,0.906436,4.246187,9.991027,0.000000,1.570796
0.010000,40.000000,18.697155,0.949397,4.346097,9.991027,0.000000,1.570796
0.010000,40.000000,18.741115,0.993358,4.446007,9.991027,0.000000,1.570796
0.010000,40.000000,18.786075,1.038318,4.545917,9.991027,-0.000000,1.570796
0.010000,40.000000,18.832034,1.084276,4.645828,9.991027,0.000000,1.570796
0.010000,40.000000,18.878992,1.131234,4.745738,9.991027,0.000000,1.570796
0.010000,40.000000,18.926949,1.179191,4.845648,9.991027,-0.000000,1.570796
0.010000,40.000000,18.975905,1.228147,4.945559,9.991027,0.000000,1.570796
0.010000,40.000000,19.025860,1.278102,5.045469,9.991027,-0.000000,1.570796
0.010000,40.000000,19.076814,1.329056,5.145379,9.991027,0.000000,1.570796
0.010000,40.000000,19.128767,1.381010,5.245289,9.991027,-0.000000,1.570796
0.010000,40.000000,19.181720,1.433962,5.345200,9.991027,0.000000,1.570796
0.010000,40.000000,19.235671,1.487914,5.445110,9.991027,0.000000,1.570796
0.010000,40.000000,19.290622,1.542864,5.545020,9.991027,-0.000000,1.570796
0.010000,40.000000,19.346572,1.598814,5.644930,9.991027,0.000000,1.570796
0.010000,40.000000,19.403521,1.655763,5.744841,9.991027,-0.000000,1.570796
0.010000,40.000000,19.461468,1.713711,5.844751,9.991027,0.000000,1.570796
0.010000,40.000000,19.520416,1.772658,5.944661,9.991027,-0.000000,1.570796
0.010000,40.000000,19.580362,1.832604,6.044572,9.991027,0.000000,1.570796
0.010000,40.000000,19.641307,1.893549,6.144482,9.991027,0.000000,1.570796
0.010000,40.000000,19.703251,1.955494,6.244392,9.991027,0.000000,1.570796
0.010000,40.000000,19.766195,2.018437,6.344302,9.991027,0.000000,1.570796
0.010000,40.000000,19.830137,2.082380,6.444213,9.991027,0.000000,1.570796
0.010000,40.000000,19.895079,2.147322,6.544123,9.991027,0.000000,1.570796
0.010000,40.000000,19.961020,2.213262,6.644033,9.991027,0.000000,1.570796
0.010000,40.000000,20.027960,2.280202,6.743943,9.991027,-0.000000,1.570796
0.010000,40.000000,20.095899,2.348141,6.843854,9.991027,0.000000,1.570796
0.010000,40.000000,20.164837,2.417079,6.943764,9.991027,-0.000000,1.570796
0.010000,40.000000,20.234774,2.487016,7.043674,9.991027,0.000000,1.570796
0.010000,40.000000,20.305710,2.557953,7.143585,9.991027,-0.000000,1.570796
0.010000,40.000000,20.377646,2.629888,7.243495,9.991027,0.000000,1.570796
0.010000,40.000000,20.450580,2.702823,7.343405,9.991027,-0.000000,1.570796
0.010000,40.000000,20.524514,2.776756,7.443315,9.991027,0.000000,1.570796
0.010000,40.000000,20.599446,2.851689,7.543226,9.991027,0.000000,1.570796
0.010000,40.000000,20.675378,2.927621,7.643136,9.991027,-0.000000,1.570796
0.010000,40.000000,20.752309,3.004552,7.743046,9.991027,0.000000,1.570796
0.010000,40.000000,20.830239,3.082482,7.842956,9.991027,0.000000,1.570796
0.010000,40.000000,20.909168,3.161411,7.942867,9.991027,0.000000,1.570796
0.010000,40.000000,20.989097,3.241339,8.042777,9.991027,0.000000,1.570796
0.010000,40.000000,21.070024,3.322266,8.142687,9.991027,0.000000,1.570796
0.010000,40.000000,21.151950,3.404193,8.242598,9.991027,0.000000,1.570796
0.010000,40.000000,21.234876,3.487118,8.342508,9.991027,0.000000,1.570796
0.010000,40.000000,21.318800,3.571043,8.442418,9.991027,0.000000,1.570796
0.010000,40.000000,21.403724,3.655967,8.542328,9.991027,0.000000,1.570796
0.010000,40.000000,21.489647,3.741890,8.642239,9.991027,-0.000000,1.570796
0.010000,40.000000,21.576569,3.828811,8.742149,9.991027,0.000000,1.570796
0.010000,40.000000,21.664490,3.916732,8.842059,9.991027,0.000000,1.570796
0.010000,40.000000,21.753410,4.005653,8.941969,9.991027,0.000000,1.570796
0.010000,40.000000,21.843329,4.095572,9.041880,9.991027,-0.000000,1.570796
0.010000,40.000000,21.934248,4.186490,9.141790,9.991027,0.000000,1.570796
0.010000,40.000000,22.026165,4.278408,9.241700,9.991027,-0.000000,1.570796
0.010000,40.000000,22.119082,4.371324,9.341611,9.991027,0.000000,1.570796
0.010000,40.000000,22.212997,4.465240,9.441521,9.991027,-0.000000,1.570796
0.010000,40.000000,22.307912,4.560155,9.541431,9.991027,0.000000,1.570796
0.010000,40.000000,22.403826,4.656069,9.641341,9.991027,-0.000000,1.570796
0.010000,40.000000,22.500739,4.752981,9.741252,9.991027,0.000000,1.570796
0.010000,40.000000,22.598651,4.850894,9.841162,9.991027,0.000000,1.570796
0.010000,40.000000,22.697562,4.949805,9.941072,9.991027,-0.000000,1.570796
0.010000,40.000000,22.797473,5.049715,10.040982,9.991027,-0.000000,1.570796
0.010000,40.000000,22.898382,5.150624,10.140893,9.991027,0.000000,1.570796
0.010000,40.000000,23.000290,5.252533,10.240803,9.991027,0.000000,1.570796
0.010000,40.000000,23.103198,5.355440,10.340713,9.991027,-0.000000,1.570796
0.010000,40.000000,23.207105,5.459347,10.440624,9.991027,0.000000,1.570796
0.010000,40.000000,23.312010,5.564253,10.540534,9.991027,0.000000,1.570796
0.010000,40.000000,23.417915,5.670158,10.640444,9.991027,-0.000000,1.570796
0.010000,40.000000,23.524819,5.777062,10.740354,9.991027,0.000000,1.570796
0.010000,40.000000,23.632722,5.884965,10.840265,9.991027,-0.000000,1.570796
0.010000,40.000000,23.741625,5.993867,10.940175,9.991027,0.000000,1.570796
0.010000,40.000000,23.851526,6.103768,11.040085,9.991027,-0.000000,1.570796
0.010000,40.000000,23.962426,6.214669,11.139996,9.991027,0.000000,1.570796
0.010000,40.000000,24.074326,6.326568,11.239906,9.991027,0.000000,1.570796
0.010000,40.000000,24.187224,6.439467,11.339816,9.991027,-0.000000,1.570796
0.010000,40.000000,24.301122,6.553365,11.439726,9.991027,0.000000,1.570796
0.010000,40.000000,24.416019,6.668261,11.539637,9.991027,0.000000,1.570796
0.010000,40.000000,24.531915,6.784157,11.639547,9.991027,0.000000,1.570796
0.010000,40.000000,24.648810,6.901052,11.739457,9.991027,-0.000000,1.570796
0.010000,40.000000,24.766704,7.018946,11.839367,9.991027,0.000000,1.570796
0.010000,40.000000,24.885597,7.137840,11.939278,9.991027,0.000000,1.570796
0.010000,40.000000,25.005490,7.257732,12.039188,9.991027,-0.000000,1.570796
0.010000,40.000000,25.126381,7.378623,12.139098,9.991027,0.000000,1.570796
0.010000,40.000000,25.248272,7.500514,12.239009,9.991027,0.000000,1.570796
0.010000,40.000000,25.371161,7.623404,12.338919,9.991027,-0.000000,1.570796
0.010000,40.000000,25.495050,7.747292,12.438829,9.991027,-0.000000,1.570796
0.010000,40.000000,25.619938,7.872180,12.538739,9.991027,0.000000,1.570796
0.010000,40.000000,25.745825,7.998067,12.638650,9.991027,0.000000,1.570796
0.010000,40.000000,25.872711,8.124953,12.738560,9.991027,-0.000000,1.570796
0.010000,40.000000,26.000596,8.252838,12.838470,9.991027,-0.000000,1.570796
0.010000,40.000000,26.129480,8.381723,12.938380,9.991027,0.000000,1.570796
0.010000,40.000000,26.259363,8.511606,13.038291,9.991027,-0.000000,1.570796
0.010000,40.000000,26.390246,8.642488,13.138201,9.991027,0.000000,1.570796
0.010000,40.000000,26.522127,8.774370,13.238111,9.991027,-0.000000,1.570796
0.010000,40.000000,26.655008,8.907251,13.338022,9.991027,0.000000,1.570796
0.010000,40.000000,26.788888,9.041130,13.437932,9.991027,-0.000000,1.570796
0.010000,40.000000,26.923767,9.176009,13.537842,9.991027,0.000000,1.570796
0.010000,40.000000,27.059645,9.311887,13.637752,9.991027,0.000000,1.570796
0.010000,40.000000,27.196522,9.448764,13.737663,9.991027,0.000000,1.570796
0.010000,40.000000,27.334398,9.586641,13.837573,9.991027,0.000000,1.570796
0.010000,40.000000,27.473273,9.725516,13.937483,9.991027,0.000000,1.570796
0.010000,40.000000,27.613148,9.865390,14.037393,9.991027,-0.000000,1.570796
0.010000,40.000000,27.754021,10.006264,14.137304,9.991027,0.000000,1.570796
0.010000,40.000000,27.895894,10.148136,14.237214,9.991027,0.000000,1.570796
0.010000,40.000000,28.038765,10.291008,14.337124,9.991027,0.000000,1.570796
0.010000,40.000000,28.182636,10.434879,14.437035,9.991027,0.000000,1.570796
0.010000,40.000000,28.327506,10.579749,14.536945,9.991027,0.000000,1.570796
0.010000,40.000000,28.473375,10.725618,14.636855,9.991027,0.000000,1.570796
0.010000,40.000000,28.620243,10.872486,14.736765,9.991027,0.000000,1.570796
0.010000,40.000000,28.768110,11.020353,14.836676,9.991027,0.000000,1.570796
0.010000,40.000000,28.916977,11.169219,14.936586,9.991027,0.000000,1.570796
0.010000,40.000000,29.066842,11.319085,15.036496,9.991027,0.000000,1.570796
0.010000,40.000000,29.217707,11.469949,15.136406,9.991027,-0.000000,1.570796
0.010000,40.000000,29.369570,11.621813,15.236317,9.991027,0.000000,1.570796
0.010000,40.000000,29.522433,11.774676,15.336227,9.991027,0.000000,1.570796
0.010000,40.000000,29.676295,11.928537,15.436137,9.991027,-0.000000,1.570796
0.010000,40.000000,29.831156,12.083398,15.536048,9.991027,-0.000000,1.570796
0.010000,40.000000,29.987016,12.239258,15.635958,9.991027,0.000000,1.570796
0.010000,40.000000,30.143875,12.396117,15.735868,9.991027,0.000000,1.570796
0.010000,40.000000,30.301733,12.553976,15.835778,9.991027,-0.000000,1.570796
0.010000,40.000000,30.460590,12.712833,15.935689,9.991027,-0.000000,1.570796
0.010000,40.000000,30.620447,12.872689,16.035599,9.991027,0.000000,1.570796
0.010000,40.000000,30.781302,13.033545,16.135509,9.991027,-0.000000,1.570796
0.010000,40.000000,30.943157,13.195400,16.235419,9.991027,0.000000,1.570796
0.010000,40.000000,31.106011,13.358253,16.335330,9.991027,-0.000000,1.570796
0.010000,40.000000,31.269864,13.522106,16.435240,9.991027,0.000000,1.570796
0.010000,40.000000,31.434716,13.686958,16.535150,9.991027,-0.000000,1.570796
0.010000,40.000000,31.600567,13.852809,16.635061,9.991027,0.000000,1.570796
0.010000,40.000000,31.767417,14.019659,16.734971,9.991027,0.000000,1.570796
0.010000,40.000000,31.935266,14.187509,16.834881,9.991027,-0.000000,1.570796
0.010000,40.000000,32.104114,14.356357,16.934791,9.991027,0.000000,1.570796
0.010000,40.000000,32.273962,14.526204,17.034702,9.991027,-0.000000,1.570796
0.010000,40.000000,32.444809,14.697051,17.134612,9.991027,0.000000,1.570796
0.010000,40.000000,32.616654,14.868897,17.234522,9.991027,-0.000000,1.570796
0.010000,40.000000,32.789499,15.041741,17.334432,9.991027,0.000000,1.570796
0.010000,40.000000,32.963343,15.215585,17.434343,9.991027,-0.000000,1.570796
0.010000,40.000000,33.138186,15.390428,17.534253,9.991027,0.000000,1.570796
0.010000,40.000000,33.314028,15.566270,17.634163,9.991027,-0.000000,1.570796
0.010000,40.000000,33.490869,15.743112,17.734074,9.991027,0.000000,1.570796
0.010000,40.000000,33.668709,15.920952,17.833984,9.991027,-0.000000,1.570796
0.010000,40.000000,33.847549,16.099791,17.933894,9.991027,0.000000,1.570796
0.010000,40.000000,34.027387,16.279630,18.033804,9.991027,0.000000,1.570796
0.010000,40.000000,34.208225,16.460467,18.133715,9.991027,0.000000,1.570796
0.010000,40.000000,34.390062,16.642304,18.233625,9.991027,-0.000000,1.570796
0.010000,40.000000,34.572897,16.825140,18.333535,9.991027,0.000000,1.570796
0.010000,40.000000,34.756732,17.008975,18.433445,9.991027,0.000000,1.570796
0.010000,40.000000,34.941566,17.193809,18.533356,9.991027,0.000000,1.570796
0.010000,40.000000,35.127399,17.379642,18.633266,9.991027,-0.000000,1.570796
0.010000,40.000000,35.314232,17.566474,18.733176,9.991027,0.000000,1.570796
0.010000,40.000000,35.502063,17.754305,18.833087,9.991027,0.000000,1.570796
0.010000,40.000000,35.690893,17.943136,18.932997,9.991027,-0.000000,1.570796
0.010000,40.000000,35.880723,18.132965,19.032907,9.991027,0.000000,1.570796
0.010000,40.000000,36.071551,18.323794,19.132817,9.991027,-0.000000,1.570796
0.010000,40.000000,36.263379,18.515622,19.232728,9.991027,0.000000,1.570796
0.010000,40.000000,36.456206,18.708448,19.332638,9.991027,-0.000000,1.570796
0.010000,40.000000,36.650032,18.902274,19.432548,9.991027,0.000000,1.570796
0.010000,40.000000,36.844857,19.097099,19.532458,9.991027,0.000000,1.570796
0.010000,40.000000,37.040681,19.292924,19.632369,9.991027,-0.000000,1.570796
0.010000,40.000000,37.237504,19.489747,19.732279,9.991027,0.000000,1.570796
0.010000,40.000000,37.435327,19.687569,19.832189,9.991027,0.000000,1.570796
0.010000,40.000000,37.634148,19.886391,19.932100,9.991027,-0.000000,1.570796
0.010000,40.000000,37.833969,20.086211,20.032010,9.991027,0.000000,1.570796
0.010000,40.000000,38.034788,20.287031,20.131920,9.991027,0.000000,1.570796
0.010000,40.000000,38.236607,20.488850,20.231830,9.991027,-0.000000,1.570796
0.010000,40.000000,38.439425,20.691667,20.331741,9.991027,0.000000,1.570796
0.010000,40.000000,38.643242,20.895484,20.431651,9.991027,-0.000000,1.570796
0.010000,40.000000,38.848058,21.100300,20.531561,9.991027,-0.000000,1.570796
0.010000,40.000000,39.053873,21.306116,20.631471,9.991027,0.000000,1.570796
0.010000,40.000000,39.260687,21.512930,20.731382,9.991027,0.000000,1.570796
0.010000,40.000000,39.468501,21.720743,20.831292,9.991027,-0.000000,1.570796
0.010000,40.000000,39.677313,21.929556,20.931202,9.991027,0.000000,1.570796
0.010000,40.000000,39.887125,22.139367,21.031113,9.991027,0.000000,1.570796
0.010000,40.000000,40.097935,22.350178,21.131023,9.991027,0.000000,1.570796
0.010000,40.000000,40.309745,22.561988,21.230933,9.991027,-0.000000,1.570796
0.010000,40.000000,40.522554,22.774797,21.330843,9.991027,0.000000,1.570796
0.010000,40.000000,40.736362,22.988605,21.430754,9.991027,0.000000,1.570796
0.010000,40.000000,40.951169,23.203412,21.530664,9.991027,-0.000000,1.570796
0.010000,40.000000,41.166975,23.419218,21.630574,9.991027,0.000000,1.570796
0.010000,40.000000,41.383781,23.636023,21.730484,9.991027,0.000000,1.570796
0.010000,40.000000,41.601585,23.853828,21.830395,9.991027,-0.000000,1.570796
0.010000,40.000000,41.820389,24.072631,21.930305,9.991027,0.000000,1.570796
0.010000,40.000000,42.040191,24.292434,22.030215,9.991027,-0.000000,1.570796
0.010000,40.000000,42.260993,24.513235,22.130126,9.991027,0.000000,1.570796
0.010000,40.000000,42.482794,24.735036,22.230036,9.991027,0.000000,1.570796
0.010000,40.000000,42.705594,24.957836,22.329946,9.991027,-0.000000,1.570796
0.010000,40.000000,42.929393,25.181635,22.429856,9.991027,0.000000,1.570796
0.010000,40.000000,43.154191,25.406433,22.529767,9.991027,-0.000000,1.570796
0.010000,40.000000,43.379988,25.632230,22.629677,9.991027,0.000000,1.570796
0.010000,40.000000,43.606784,25.859027,22.729587,9.991027,-0.000000,1.570796
0.010000,40.000000,43.834580,26.086822,22.829498,9.991027,0.000000,1.570796
0.010000,40.000000,44.063374,26.315617,22.929408,9.991027,-0.000000,1.570796
0.010000,40.000000,44.293168,26.545410,23.029318,9.991027,0.000000,1.570796
0.010000,40.000000,44.523961,26.776203,23.129228,9.991027,0.000000,1.570796
0.010000,40.000000,44.755752,27.007995,23.229139,9.991027,-0.000000,1.570796
0.010000,40.000000,44.988543,27.240786,23.329049,9.991027,0.000000,1.570796
0.010000,40.000000,45.222333,27.474576,23.428959,9.991027,0.000000,1.570796
0.010000,40.000000,45.457123,27.709365,23.528869,9.991027,-0.000000,1.570796
0.010000,40.000000,45.692911,27.945153,23.628780,9.991027,0.000000,1.570796
0.010000,40.000000,45.929698,28.181941,23.728690,9.991027,-0.000000,1.570796
0.010000,40.000000,46.167485,28.419727,23.828600,9.991027,0.000000,1.570796
0.010000,40.000000,46.406270,28.658513,23.928511,9.991027,0.000000,1.570796
0.010000,40.000000,46.646055,28.898297,24.028421,9.991027,-0.000000,1.570796
0.010000,40.000000,46.886839,29.139081,24.128331,9.991027,0.000000,1.570796
0.010000,40.000000,47.128621,29.380864,24.228241,9.991027,-0.000000,1.570796
0.010000,40.000000,47.371403,29.623646,24.328152,9.991027,0.000000,1.570796
0.010000,40.000000,47.615184,29.867427,24.428062,9.991027,0.000000,1.570796
0.010000,40.000000,47.859965,30.112207,24.527972,9.991027,0.000000,1.570796
0.010000,40.000000,48.105744,30.357986,24.627882,9.991027,-0.000000,1.570796
0.010000,40.000000,48.352522,30.604765,24.727793,9.991027,0.000000,1.570796
0.010000,40.000000,48.600300,30.852542,24.827703,9.991027,-0.000000,1.570796
0.010000,40.000000,48.849076,31.101319,24.927613,9.991027,0.000000,1.570796
0.010000,40.000000,49.098852,31.351095,25.027524,9.991027,-0.000000,1.570796
0.010000,40.000000,49.349627,31.601869,25.127434,9.991027,-0.000000,1.570796
0.010000,40.000000,49.601401,31.853643,25.227344,9.991027,0.000000,1.570796
0.010000,40.000000,49.854174,32.106416,25.327254,9.991027,-0.000000,1.570796
0.010000,40.000000,50.107946,32.360188,25.427165,9.991027,0.000000,1.570796
0.010000,40.000000,50.362717,32.614959,25.527075,9.991027,0.000000,1.570796
0.010000,40.000000,50.618487,32.870730,25.626985,9.991027,-0.000000,1.570796
0.010000,40.000000,50.875257,33.127499,25.726895,9.991027,0.000000,1.570796
0.010000,40.000000,51.133025,33.385268,25.826806,9.991027,-0.000000,1.570796
0.010000,40.000000,51.391793,33.644035,25.926716,9.991027,0.000000,1.570796
0.010000,40.000000,51.651560,33.903802,26.026626,9.991027,0.000000,1.570796
0.010000,40.000000,51.912325,34.164568,26.126537,9.991027,-0.000000,1.570796
0.010000,40.000000,52.174090,34.426333,26.226447,9.991027,0.000000,1.570796
0.010000,40.000000,52.436854,34.689097,26.326357,9.991027,0.000000,1.570796
0.010000,40.000000,52.700617,34.952860,26.426267,9.991027,-0.000000,1.570796
0.010000,40.000000,52.965380,35.217622,26.526178,9.991027,0.000000,1.570796
0.010000,40.000000,53.231141,35.483383,26.626088,9.991027,0.000000,1.570796
0.010000,40.000000,53.497901,35.750144,26.725998,9.991027,-0.000000,1.570796
0.010000,40.000000,53.765661,36.017903,26.825908,9.991027,0.000000,1.570796
0.010000,40.000000,54.034420,36.286662,26.925819,9.991027,-0.000000,1.570796
0.010000,40.000000,54.304177,36.556420,27.025729,9.991027,-0.000000,1.570796
0.010000,40.000000,54.574934,36.827177,27.125639,9.991027,0.000000,1.570796
0.010000,40.000000,54.846690,37.098933,27.225550,9.991027,-0.000000,1.570796
0.010000,40.000000,55.119445,37.371688,27.325460,9.991027,-0.000000,1.570796
0.010000,40.000000,55.393199,37.645442,27.425370,9.991027,0.000000,1.570796
0.010000,40.000000,55.667952,37.920195,27.525280,9.991027,-0.000000,1.570796
0.010000,40.000000,55.943705,38.195947,27.625191,9.991027,0.000000,1.570796
0.010000,40.000000,56.220456,38.472699,27.725101,9.991027,-0.000000,1.570796
0.010000,40.000000,56.498207,38.750449,27.825011,9.991027,0.000000,1.570796
0.010000,40.000000,56.776957,39.029199,27.924921,9.991027,0.000000,1.570796
0.010000,40.000000,57.056705,39.308948,28.024832,9.991027,-0.000000,1.570796
0.010000,40.000000,57.337453,39.589696,28.124742,9.991027,0.000000,1.570796
0.010000,40.000000,57.619200,39.871443,28.224652,9.991027,0.000000,1.570796
0.010000,40.000000,57.901946,40.154189,28.324563,9.991027,-0.000000,1.570796
0.010000,40.000000,58.185691,40.437934,28.424473,9.991027,0.000000,1.570796
0.010000,40.000000,58.470436,40.722678,28.524383,9.991027,-0.000000,1.570796
0.010000,40.000000,58.756179,41.008422,28.624293,9.991027,0.000000,1.570796
0.010000,40.000000,59.042922,41.295164,28.724204,9.991027,0.000000,1.570796
0.010000,40.000000,59.330663,41.582906,28.824114,9.991027,-0.000000,1.570796
0.010000,40.000000,59.619404,41.871646,28.924024,9.991027,0.000000,1.570796
0.010000,40.000000,59.909144,42.161386,29.023934,9.991027,0.000000,1.570796
0.010000,40.000000,60.199883,42.452125,29.123845,9.991027,-0.000000,1.570796
0.010000,40.000000,60.491621,42.743863,29.223755,9.991027,0.000000,1.570796
0.010000,40.000000,60.784358,43.036600,29.323665,9.991027,-0.000000,1.570796
0.010000,40.000000,61.078094,43.330336,29.423576,9.991027,-0.000000,1.570796
0.010000,40.000000,61.372829,43.625072,29.523486,9.991027,0.000000,1.570796
0.010000,40.000000,61.668564,43.920806,29.623396,9.991027,-0.000000,1.570796
0.010000,40.000000,61.965297,44.217540,29.723306,9.991027,0.000000,1.570796
0.010000,40.000000,62.263030,44.515272,29.823217,9.991027,0.000000,1.570796
0.010000,40.000000,62.561761,44.814004,29.923127,9.991027,-0.000000,1.570796
0.010000,40.000000,62.861492,45.113735,30.023037,9.991027,0.000000,1.570796
0.010000,40.000000,63.162222,45.414465,30.122947,9.991027,0.000000,1.570796
0.010000,40.000000,63.463951,45.716194,30.222858,9.991027,-0.000000,1.570796
0.010000,40.000000,63.766679,46.018922,30.322768,9.991027,0.000000,1.570796
0.010000,40.000000,64.070407,46.322649,30.422678,9.991027,-0.000000,1.570796
0.010000,40.000000,64.375133,46.627375,30.522589,9.991027,0.000000,1.570796
0.010000,40.000000,64.680858,46.933101,30.622499,9.991027,0.000000,1.570796
0.010000,40.000000,64.987583,47.239825,30.722409,9.991027,0.000000,1.570796
0.010000,40.000000,65.295306,47.547549,30.822319,9.991027,-0.000000,1.570796
0.010000,40.000000,65.604029,47.856272,30.922230,9.991027,0.000000,1.570796
0.010000,40.000000,65.913751,48.165994,31.022140,9.991027,-0.000000,1.570796
0.010000,40.000000,66.224472,48.476714,31.122050,9.991027,0.000000,1.570796
0.010000,40.000000,66.536192,48.788435,31.221960,9.991027,-0.000000,1.570796
0.010000,40.000000,66.848911,49.101154,31.321871,9.991027,0.000000,1.570796
0.010000,40.000000,67.162629,49.414872,31.421781,9.991027,0.000000,1.570796
0.010000,40.000000,67.477347,49.729589,31.521691,9.991027,-0.000000,1.570796
0.010000,40.000000,67.793063,50.045306,31.621602,9.991027,0.000000,1.570796
0.010000,40.000000,68.109779,50.362021,31.721512,9.991027,0.000000,1.570796
0.010000,40.000000,68.427494,50.679736,31.821422,9.991027,-0.000000,1.570796
0.010000,40.000000,68.746207,50.998450,31.921332,9.991027,0.000000,1.570796
0.010000,40.000000,69.065920,51.318163,32.021243,9.991027,-0.000000,1.570796
0.010000,40.000000,69.386632,51.638875,32.121153,9.991027,0.000000,1.570796
0.010000,40.000000,69.708343,51.960586,32.221063,9.991027,0.000000,1.570796
0.010000,40.000000,70.031053,52.283296,32.320973,9.991027,0.000000,1.570796
0.010000,40.000000,70.354763,52.607005,32.420884,9.991027,-0.000000,1.570796
0.010000,40.000000,70.679471,52.931714,32.520794,9.991027,0.000000,1.570796
0.010000,40.000000,71.005179,53.257421,32.620704,9.991027,-0.000000,1.570796
0.010000,40.000000,71.331885,53.584128,32.720615,9.991027,0.000000,1.570796
0.010000,40.000000,71.659591,53.911833,32.820525,9.991027,-0.000000,1.570796
0.010000,40.000000,71.988296,54.240538,32.920435,9.991027,-0.000000,1.570796
0.010000,40.000000,72.318000,54.570242,33.020345,9.991027,0.000000,1.570796
0.010000,40.000000,72.648703,54.900945,33.120256,9.991027,0.000000,1.570796
0.010000,40.000000,72.980405,55.232647,33.220166,9.991027,-0.000000,1.570796
0.010000,40.000000,73.313106,55.565348,33.320076,9.991027,0.000000,1.570796
0.010000,40.000000,73.646806,55.899049,33.419987,9.991027,0.000000,1.570796
0.010000,40.000000,73.981506,56.233748,33.519897,9.991027,0.000000,1.570796
0.010000,40.000000,74.317204,56.569447,33.619807,9.991027,0.000000,1.570796
0.010000,40.000000,74.653902,56.906144,33.719717,9.991027,-0.000000,1.570796
0.010000,40.000000,74.991599,57.243841,33.819628,9.991027,0.000000,1.570796
0.010000,40.000000,75.330294,57.582537,33.919538,9.991027,0.000000,1.570796
0.010000,40.000000,75.669989,57.922232,34.019448,9.991027,-0.000000,1.570796
0.010000,40.000000,76.010683,58.262926,34.119358,9.991027,0.000000,1.570796
0.010000,40.000000,76.352376,58.604619,34.219269,9.991027,-0.000000,1.570796
0.010000,40.000000,76.695069,58.947311,34.319179,9.991027,0.000000,1.570796
0.010000,40.000000,77.038760,59.291003,34.419089,9.991027,0.000000,1.570796
0.010000,40.000000,77.383450,59.635693,34.519000,9.991027,-0.000000,1.570796
0.010000,40.000000,77.729140,59.981382,34.618910,9.991027,0.000000,1.570796
0.010000,40.000000,78.075829,60.328071,34.718820,9.991027,-0.000000,1.570796
0.010000,40.000000,78.423516,60.675759,34.818730,9.991027,0.000000,1.570796
0.010000,40.000000,78.772203,61.024446,34.918641,9.991027,0.000000,1.570796
0.010000,40.000000,79.121889,61.374132,35.018551,9.991027,0.000000,1.570796
0.010000,40.000000,79.472574,61.724817,35.118461,9.991027,-0.000000,1.570796
0.010000,40.000000,79.824258,62.076501,35.218371,9.991027,0.000000,1.570796
0.010000,40.000000,80.176942,62.429184,35.318282,9.991027,0.000000,1.570796
0.010000,40.000000,80.530624,62.782867,35.418192,9.991027,0.000000,1.570796
0.010000,40.000000,80.885306,63.137548,35.518102,9.991027,0.000000,1.570796
0.010000,40.000000,81.240986,63.493229,35.618013,9.991027,-0.000000,1.570796
0.010000,40.000000,81.597666,63.849908,35.717923,9.991027,0.000000,1.570796
0.010000,40.000000,81.955345,64.207587,35.817833,9.991027,0.000000,1.570796
0.010000,40.000000,82.314022,64.566265,35.917743,9.991027,-0.000000,1.570796
0.010000,40.000000,82.673699,64.925942,36.017654,9.991027,0.000000,1.570796
0.010000,40.000000,83.034376,65.286618,36.117564,9.991027,0.000000,1.570796
0.010000,40.000000,83.396051,65.648293,36.217474,9.991027,0.000000,1.570796
0.010000,40.000000,83.758725,66.010968,36.317384,9.991027,0.000000,1.570796
0.010000,40.000000,84.122398,66.374641,36.417295,9.991027,-0.000000,1.570796
0.010000,40.000000,84.487071,66.739313,36.517205,9.991027,0.000000,1.570796
0.010000,40.000000,84.852743,67.104985,36.617115,9.991027,-0.000000,1.570796
0.010000,40.000000,85.219413,67.471656,36.717026,9.991027,0.000000,1.570796
0.010000,40.000000,85.587083,67.839326,36.816936,9.991027,0.000000,1.570796
0.010000,40.000000,85.955752,68.207994,36.916846,9.991027,0.000000,1.570796
0.010000,40.000000,86.325420,68.577662,37.016756,9.991027,-0.000000,1.570796
0.010000,40.000000,86.696087,68.948330,37.116667,9.991027,0.000000,1.570796
0.010000,40.000000,87.067753,69.319996,37.216577,9.991027,0.000000,1.570796
0.010000,40.000000,87.440419,69.692661,37.316487,9.991027,0.000000,1.570796
0.010000,40.000000,87.814083,70.066326,37.416397,9.991027,-0.000000,1.570796
0.010000,40.000000,88.188747,70.440989,37.516308,9.991027,0.000000,1.570796
0.010000,40.000000,88.564409,70.816652,37.616218,9.991027,0.000000,1.570796
0.010000,40.000000,88.941071,71.193313,37.716128,9.991027,-0.000000,1.570796
0.010000,40.000000,89.318732,71.570974,37.816039,9.991027,0.000000,1.570796
0.010000,40.000000,89.697392,71.949634,37.915949,9.991027,0.000000,1.570796
0.010000,40.000000,90.077051,72.329293,38.015859,9.991027,-0.000000,1.570796
0.010000,40.000000,90.457709,72.709951,38.115769,9.991027,0.000000,1.570796
0.010000,40.000000,90.839366,73.091609,38.215680,9.991027,0.000000,1.570796
0.010000,40.000000,91.222022,73.474265,38.315590,9.991027,-0.000000,1.570796
0.010000,40.000000,91.605678,73.857920,38.415500,9.991027,0.000000,1.570796
0.010000,40.000000,91.990332,74.242575,38.515410,9.991027,0.000000,1.570796
0.010000,40.000000,92.375986,74.628229,38.615321,9.991027,-0.000000,1.570796
0.010000,40.000000,92.762639,75.014881,38.715231,9.991027,0.000000,1.570796
0.010000,40.000000,93.150291,75.402533,38.815141,9.991027,0.000000,1.570796
0.010000,40.000000,93.538942,75.791184,38.915052,9.991027,0.000000,1.570796
0.010000,40.000000,93.928592,76.180834,39.014962,9.991027,-0.000000,1.570796
0.010000,40.000000,94.319241,76.571483,39.114872,9.991027,0.000000,1.570796
0.010000,40.000000,94.710889,76.963132,39.214782,9.991027,0.000000,1.570796
0.010000,40.000000,95.103537,77.355779,39.314693,9.991027,0.000000,1.570796
0.010000,40.000000,95.497183,77.749426,39.414603,9.991027,-0.000000,1.570796
0.010000,40.000000,95.891829,78.144071,39.514513,9.991027,0.000000,1.570796
0.010000,40.000000,96.287473,78.539716,39.614423,9.991027,0.000000,1.570796
0.010000,40.000000,96.684117,78.936360,39.714334,9.991027,-0.000000,1.570796
0.010000,40.000000,97.081760,79.334002,39.814244,9.991027,0.000000,1.570796
0.010000,40.000000,97.480402,79.732644,39.914154,9.991027,0.000000,1.570796
0.010000,40.000000,97.880043,80.132286,40.014065,9.991027,0.000000,1.570796
0.010000,40.000000,98.280683,80.532926,40.113975,9.991027,-0.000000,1.570796
0.010000,40.000000,98.682323,80.934565,40.213885,9.991027,0.000000,1.570796
0.010000,40.000000,99.084961,81.337203,40.313795,9.991027,0.000000,1.570796
0.010000,40.000000,99.488598,81.740841,40.413706,9.991027,-0.000000,1.570796
0.010000,40.000000,99.893235,82.145478,40.513616,9.991027,0.000000,1.570796
0.010000,40.000000,100.298871,82.551113,40.613526,9.991027,0.000000,1.570796
0.010000,40.000000,100.705506,82.957748,40.713436,9.991027,0.000000,1.570796
0.010000,40.000000,101.113140,83.365382,40.813347,9.991027,-0.000000,1.570796
0.010000,40.000000,101.521773,83.774015,40.913257,9.991027,0.000000,1.570796
0.010000,40.000000,101.931405,84.183647,41.013167,9.991027,-0.000000,1.570796
0.010000,40.000000,102.342036,84.594278,41.113078,9.991027,0.000000,1.570796
0.010000,40.000000,102.753666,85.005909,41.212988,9.991027,-0.000000,1.570796
0.010000,40.000000,103.166296,85.418538,41.312898,9.991027,0.000000,1.570796
0.010000,40.000000,103.579924,85.832167,41.412808,9.991027,0.000000,1.570796
0.010000,40.000000,103.994552,86.246794,41.512719,9.991027,-0.000000,1.570796
0.010000,40.000000,104.410179,86.662421,41.612629,9.991027,0.000000,1.570796
0.010000,40.000000,104.826804,87.079047,41.712539,9.991027,-0.000000,1.570796
0.010000,40.000000,105.244429,87.496672,41.812449,9.991027,0.000000,1.570796
0.010000,40.000000,105.663053,87.915296,41.912360,9.991027,0.000000,1.570796
0.010000,40.000000,106.082677,88.334919,42.012270,9.991027,-0.000000,1.570796
0.010000,40.000000,106.503299,88.755541,42.112180,9.991027,0.000000,1.570796
0.010000,40.000000,106.924920,89.177163,42.212091,9.991027,-0.000000,1.570796
0.010000,40.000000,107.347541,89.599783,42.312001,9.991027,0.000000,1.570796
0.010000,40.000000,107.771160,90.023403,42.411911,9.991027,-0.000000,1.570796
0.010000,40.000000,108.195779,90.448021,42.511821,9.991027,0.000000,1.570796
0.010000,40.000000,108.621397,90.873639,42.611732,9.991027,0.000000,1.570796
0.010000,40.000000,109.048013,91.300256,42.711642,9.991027,0.000000,1.570796
0.010000,40.000000,109.475629,91.727872,42.811552,9.991027,-0.000000,1.570796
0.010000,40.000000,109.904244,92.156487,42.911462,9.991027,0.000000,1.570796
0.010000,40.000000,110.333859,92.586101,43.011373,9.991027,0.000000,1.570796
0.010000,40.000000,110.764472,93.016714,43.111283,9.991027,-0.000000,1.570796
0.010000,40.000000,111.196084,93.448327,43.211193,9.991027,0.000000,1.570796
0.010000,40.000000,111.628696,93.880938,43.311104,9.991027,0.000000,1.570796
0.010000,40.000000,112.062306,94.314549,43.411014,9.991027,-0.000000,1.570796
0.010000,40.000000,112.496916,94.749159,43.510924,9.991027,0.000000,1.570796
0.010000,40.000000,112.932525,95.184767,43.610834,9.991027,-0.000000,1.570796
0.010000,40.000000,113.369133,95.621375,43.710745,9.991027,0.000000,1.570796
0.010000,40.000000,113.806740,96.058982,43.810655,9.991027,0.000000,1.570796
0.010000,40.000000,114.245346,96.497588,43.910565,9.991027,-0.000000,1.570796
0.010000,40.000000,114.684951,96.937194,44.010475,9.991027,0.000000,1.570796
0.010000,40.000000,115.125555,97.377798,44.110386,9.991027,0.000000,1.570796
0.010000,40.000000,115.567159,97.819401,44.210296,9.991027,-0.000000,1.570796
0.010000,40.000000,116.009761,98.262004,44.310206,9.991027,0.000000,1.570796
0.010000,40.000000,116.453363,98.705605,44.410117,9.991027,0.000000,1.570796
0.010000,40.000000,116.897964,99.150206,44.510027,9.991027,-0.000000,1.570796
0.010000,40.000000,117.343563,99.595806,44.609937,9.991027,0.000000,1.570796
0.010000,40.000000,117.790162,100.042405,44.709847,9.991027,0.000000,1.570796
0.010000,40.000000,118.237760,100.490003,44.809758,9.991027,0.000000,1.570796
0.010000,40.000000,118.686358,100.938600,44.909668,9.991027,0.000000,1.570796
0.010000,40.000000,119.135954,101.388196,45.009578,9.991027,-0.000000,1.570796
0.010000,40.000000,119.586549,101.838792,45.109489,9.991027,0.000000,1.570796
0.010000,40.000000,120.038144,102.290386,45.209399,9.991027,0.000000,1.570796
0.010000,40.000000,120.490737,102.742980,45.309309,9.991027,0.000000,1.570796
0.010000,40.000000,120.944330,103.196572,45.409219,9.991027,0.000000,1.570796
0.010000,40.000000,121.398921,103.651164,45.509130,9.991027,-0.000000,1.570796
0.010000,40.000000,121.854512,104.106755,45.609040,9.991027,0.000000,1.570796
0.010000,40.000000,122.311102,104.563345,45.708950,9.991027,0.000000,1.570796
0.010000,40.000000,122.768691,105.020934,45.808860,9.991027,-0.000000,1.570796
0.010000,40.000000,123.227279,105.479522,45.908771,9.991027,0.000000,1.570796
0.010000,40.000000,123.686867,105.939109,46.008681,9.991027,-0.000000,1.570796
0.010000,40.000000,124.147453,106.399696,46.108591,9.991027,0.000000,1.570796
0.010000,40.000000,124.609039,106.861281,46.208502,9.991027,0.000000,1.570796
0.010000,40.000000,125.071623,107.323866,46.308412,9.991027,-0.000000,1.570796
0.010000,40.000000,125.535207,107.787449,46.408322,9.991027,0.000000,1.570796
0.010000,40.000000,125.999740,108.251982,46.498241,8.991925,-99.910274,1.570796
0.010000,40.000000,126.465122,108.717364,46.578170,7.992822,-99.910274,1.570796
0.010000,40.000000,126.931253,109.183496,46.648107,6.993719,-99.910274,1.570796
0.010000,40.000000,127.398034,109.650276,46.708053,5.994616,-99.910274,1.570796
0.010000,40.000000,127.865364,110.117607,46.758008,4.995514,-99.910274,1.570796
0.010000,40.000000,128.333144,110.585387,46.797972,3.996411,-99.910274,1.570796
0.010000,40.000000,128.801274,111.053516,46.827945,2.997308,-99.910274,1.570796
0.010000,40.000000,129.269653,111.521895,46.847927,1.998205,-99.910274,1.570796
0.010000,40.000000,129.738182,111.990425,46.857918,0.999103,-99.910274,1.570796
0.010000,40.000000,130.206740,112.458983,46.853714,-0.420439,-141.954223,1.570796
0.010000,40.000000,130.675207,112.927449,46.839518,-1.419542,-99.910274,1.570796
0.010000,40.000000,131.143481,113.395723,46.815332,-2.418645,-99.910274,1.570796
0.010000,40.000000,131.611463,113.863706,46.781155,-3.417748,-99.910274,1.570796
0.010000,40.000000,132.079054,114.331296,46.736986,-4.416850,-99.910274,1.570796
0.010000,40.000000,132.546153,114.798395,46.682827,-5.415953,-99.910274,1.570796
0.010000,40.000000,133.012661,115.264903,46.618676,-6.415056,-99.910274,1.570796
0.010000,40.000000,133.478477,115.730719,46.544534,-7.414159,-99.910274,1.570796
0.010000,40.000000,133.943501,116.195744,46.460402,-8.413261,-99.910274,1.570796
0.010000,40.000000,134.407635,116.659877,46.366278,-9.412364,-99.910274,1.570796
0.010000,40.000000,134.870798,117.123040,46.266368,-9.991027,-57.866324,1.570796
0.010000,40.000000,135.332962,117.585204,46.166458,-9.991027,0.000000,1.570796
0.010000,40.000000,135.794127,118.046370,46.066547,-9.991027,0.000000,1.570796
0.010000,40.000000,136.254293,118.506535,45.966637,-9.991027,0.000000,1.570796
0.010000,40.000000,136.713460,118.965702,45.866727,-9.991027,-0.000000,1.570796
0.010000,40.000000,137.171627,119.423870,45.766816,-9.991027,0.000000,1.570796
0.010000,40.000000,137.628796,119.881039,45.666906,-9.991027,0.000000,1.570796
0.010000,40.000000,138.084966,120.337208,45.566996,-9.991027,-0.000000,1.570796
0.010000,40.000000,138.540136,120.792379,45.467086,-9.991027,-0.000000,1.570796
0.010000,40.000000,138.994307,121.246550,45.367175,-9.991027,0.000000,1.570796
0.010000,40.000000,139.447480,121.699722,45.267265,-9.991027,0.000000,1.570796
0.010000,40.000000,139.899653,122.151895,45.167355,-9.991027,-0.000000,1.570796
0.010000,40.000000,140.350827,122.603069,45.067445,-9.991027,0.000000,1.570796
0.010000,40.000000,140.801002,123.053244,44.967534,-9.991027,0.000000,1.570796
0.010000,40.000000,141.250177,123.502420,44.867624,-9.991027,0.000000,1.570796
0.010000,40.000000,141.698354,123.950596,44.767714,-9.991027,-0.000000,1.570796
0.010000,40.000000,142.145532,124.397774,44.667803,-9.991027,0.000000,1.570796
0.010000,40.000000,142.591710,124.843953,44.567893,-9.991027,0.000000,1.570796
0.010000,40.000000,143.036889,125.289132,44.467983,-9.991027,-0.000000,1.570796
0.010000,40.000000,143.481070,125.733312,44.368073,-9.991027,0.000000,1.570796
0.010000,40.000000,143.924251,126.176493,44.268162,-9.991027,0.000000,1.570796
0.010000,40.000000,144.366433,126.618675,44.168252,-9.991027,-0.000000,1.570796
0.010000,40.000000,144.807616,127.059858,44.068342,-9.991027,-0.000000,1.570796
0.010000,40.000000,145.247800,127.500042,43.968432,-9.991027,0.000000,1.570796
0.010000,40.000000,145.686985,127.939227,43.868521,-9.991027,-0.000000,1.570796
0.010000,40.000000,146.125170,128.377413,43.768611,-9.991027,0.000000,1.570796
0.010000,40.000000,146.562357,128.814599,43.668701,-9.991027,0.000000,1.570796
0.010000,40.000000,146.998544,129.250787,43.568790,-9.991027,-0.000000,1.570796
0.010000,40.000000,147.433733,129.685975,43.468880,-9.991027,0.000000,1.570796
0.010000,40.000000,147.867922,130.120164,43.368970,-9.991027,0.000000,1.570796
0.010000,40.000000,148.301112,130.553354,43.269060,-9.991027,0.000000,1.570796
0.010000,40.000000,148.733303,130.985546,43.169149,-9.991027,-0.000000,1.570796
0.010000,40.000000,149.164495,131.416737,43.069239,-9.991027,0.000000,1.570796
0.010000,40.000000,149.594688,131.846930,42.969329,-9.991027,0.000000,1.570796
0.010000,40.000000,150.023882,132.276124,42.869419,-9.991027,-0.000000,1.570796
0.010000,40.000000,150.452076,132.704319,42.769508,-9.991027,0.000000,1.570796
0.010000,40.000000,150.879272,133.131514,42.669598,-9.991027,-0.000000,1.570796
0.010000,40.000000,151.305468,133.557711,42.569688,-9.991027,0.000000,1.570796
0.010000,40.000000,151.730665,133.982908,42.469777,-9.991027,-0.000000,1.570796
0.010000,40.000000,152.154864,134.407106,42.369867,-9.991027,0.000000,1.570796
0.010000,40.000000,152.578063,134.830305,42.269957,-9.991027,0.000000,1.570796
0.010000,40.000000,153.000263,135.252505,42.170047,-9.991027,0.000000,1.570796
0.010000,40.000000,153.421464,135.673706,42.070136,-9.991027,-0.000000,1.570796
0.010000,40.000000,153.841666,136.093908,41.970226,-9.991027,0.000000,1.570796
0.010000,40.000000,154.260868,136.513111,41.870316,-9.991027,0.000000,1.570796
0.010000,40.000000,154.679072,136.931314,41.770406,-9.991027,-0.000000,1.570796
0.010000,40.000000,155.096276,137.348519,41.670495,-9.991027,0.000000,1.570796
0.010000,40.000000,155.512482,137.764724,41.570585,-9.991027,0.000000,1.570796
0.010000,40.000000,155.927688,138.179931,41.470675,-9.991027,-0.000000,1.570796
0.010000,40.000000,156.341895,138.594138,41.370764,-9.991027,0.000000,1.570796
0.010000,40.000000,156.755103,139.007346,41.270854,-9.991027,-0.000000,1.570796
0.010000,40.000000,157.167312,139.419555,41.170944,-9.991027,0.000000,1.570796
0.010000,40.000000,157.578522,139.830765,41.071034,-9.991027,-0.000000,1.570796
0.010000,40.000000,157.988733,140.240976,40.971123,-9.991027,0.000000,1.570796
0.010000,40.000000,158.397945,140.650187,40.871213,-9.991027,0.000000,1.570796
0.010000,40.000000,158.806157,141.058400,40.771303,-9.991027,-0.000000,1.570796
0.010000,40.000000,159.213371,141.465613,40.671393,-9.991027,0.000000,1.570796
0.010000,40.000000,159.619585,141.871828,40.571482,-9.991027,0.000000,1.570796
0.010000,40.000000,160.024800,142.277043,40.471572,-9.991027,0.000000,1.570796
0.010000,40.000000,160.429017,142.681259,40.371662,-9.991027,-0.000000,1.570796
0.010000,40.000000,160.832234,143.084476,40.271751,-9.991027,0.000000,1.570796
0.010000,40.000000,161.234452,143.486694,40.171841,-9.991027,0.000000,1.570796
0.010000,40.000000,161.635670,143.887913,40.071931,-9.991027,-0.000000,1.570796
0.010000,40.000000,162.035890,144.288133,39.972021,-9.991027,0.000000,1.570796
0.010000,40.000000,162.435111,144.687353,39.872110,-9.991027,0.000000,1.570796
0.010000,40.000000,162.833332,145.085575,39.772200,-9.991027,0.000000,1.570796
0.010000,40.000000,163.230555,145.482797,39.672290,-9.991027,-0.000000,1.570796
0.010000,40.000000,163.626778,145.879021,39.572380,-9.991027,0.000000,1.570796
0.010000,40.000000,164.022002,146.274245,39.472469,-9.991027,0.000000,1.570796
0.010000,40.000000,164.416228,146.668470,39.372559,-9.991027,0.000000,1.570796
0.010000,40.000000,164.809454,147.061696,39.272649,-9.991027,-0.000000,1.570796
0.010000,40.000000,165.201681,147.453923,39.172738,-9.991027,0.000000,1.570796
0.010000,40.000000,165.592908,147.845151,39.072828,-9.991027,0.000000,1.570796
0.010000,40.000000,165.983137,148.235380,38.972918,-9.991027,-0.000000,1.570796
0.010000,40.000000,166.372367,148.624609,38.873008,-9.991027,0.000000,1.570796
0.010000,40.000000,166.760597,149.012840,38.773097,-9.991027,0.000000,1.570796
0.010000,40.000000,167.147829,149.400071,38.673187,-9.991027,-0.000000,1.570796
0.010000,40.000000,167.534061,149.786304,38.573277,-9.991027,0.000000,1.570796
0.010000,40.000000,167.919294,150.171537,38.473367,-9.991027,0.000000,1.570796
0.010000,40.000000,168.303528,150.555771,38.373456,-9.991027,0.000000,1.570796
0.010000,40.000000,168.686763,150.939006,38.273546,-9.991027,0.000000,1.570796
0.010000,40.000000,169.068999,151.321242,38.173636,-9.991027,0.000000,1.570796
0.010000,40.000000,169.450236,151.702479,38.073725,-9.991027,-0.000000,1.570796
0.010000,40.000000,169.830474,152.082716,37.973815,-9.991027,0.000000,1.570796
0.010000,40.000000,170.209712,152.461955,37.873905,-9.991027,-0.000000,1.570796
0.010000,40.000000,170.587952,152.840194,37.773995,-9.991027,0.000000,1.570796
0.010000,40.000000,170.965192,153.217435,37.674084,-9.991027,0.000000,1.570796
0.010000,40.000000,171.341434,153.593676,37.574174,-9.991027,-0.000000,1.570796
0.010000,40.000000,171.716676,153.968918,37.474264,-9.991027,0.000000,1.570796
0.010000,40.000000,172.090919,154.343161,37.374353,-9.991027,0.000000,1.570796
0.010000,40.000000,172.464163,154.716405,37.274443,-9.991027,0.000000,1.570796
0.010000,40.000000,172.836408,155.088650,37.174533,-9.991027,0.000000,1.570796
0.010000,40.000000,173.207654,155.459896,37.074623,-9.991027,-0.000000,1.570796
0.010000,40.000000,173.577900,155.830143,36.974712,-9.991027,0.000000,1.570796
0.010000,40.000000,173.947148,156.199390,36.874802,-9.991027,0.000000,1.570796
0.010000,40.000000,174.315396,156.567639,36.774892,-9.991027,0.000000,1.570796
0.010000,40.000000,174.682646,156.934888,36.674982,-9.991027,0.000000,1.570796
0.010000,40.000000,175.048896,157.301138,36.575071,-9.991027,-0.000000,1.570796
0.010000,40.000000,175.414147,157.666390,36.475161,-9.991027,0.000000,1.570796
0.010000,40.000000,175.778399,158.030642,36.375251,-9.991027,0.000000,1.570796
0.010000,40.000000,176.141652,158.393895,36.275340,-9.991027,-0.000000,1.570796
0.010000,40.000000,176.503906,158.756148,36.175430,-9.991027,-0.000000,1.570796
0.010000,40.000000,176.865161,159.117403,36.075520,-9.991027,0.000000,1.570796
0.010000,40.000000,177.225416,159.477659,35.975610,-9.991027,-0.000000,1.570796
0.010000,40.000000,177.584673,159.836915,35.875699,-9.991027,0.000000,1.570796
0.010000,40.000000,177.942930,160.195173,35.775789,-9.991027,-0.000000,1.570796
0.010000,40.000000,178.300189,160.552431,35.675879,-9.991027,0.000000,1.570796
0.010000,40.000000,178.656448,160.908690,35.575969,-9.991027,0.000000,1.570796
0.010000,40.000000,179.011708,161.263950,35.476058,-9.991027,0.000000,1.570796
0.010000,40.000000,179.365969,161.618212,35.376148,-9.991027,0.000000,1.570796
0.010000,40.000000,179.719231,161.971473,35.276238,-9.991027,0.000000,1.570796
0.010000,40.000000,180.071494,162.323736,35.176327,-9.991027,-0.000000,1.570796
0.010000,40.000000,180.422757,162.675000,35.076417,-9.991027,0.000000,1.570796
0.010000,40.000000,180.773022,163.025265,34.976507,-9.991027,0.000000,1.570796
0.010000,40.000000,181.122288,163.374530,34.876597,-9.991027,-0.000000,1.570796
0.010000,40.000000,181.470554,163.722797,34.776686,-9.991027,0.000000,1.570796
0.010000,40.000000,181.817821,164.070064,34.676776,-9.991027,-0.000000,1.570796
0.010000,40.000000,182.164090,164.416332,34.576866,-9.991027,0.000000,1.570796
0.010000,40.000000,182.509359,164.761601,34.476956,-9.991027,0.000000,1.570796
0.010000,40.000000,182.853629,165.105871,34.377045,-9.991027,-0.000000,1.570796
0.010000,40.000000,183.196900,165.449142,34.277135,-9.991027,0.000000,1.570796
0.010000,40.000000,183.539171,165.791414,34.177225,-9.991027,0.000000,1.570796
0.010000,40.000000,183.880444,166.132687,34.077314,-9.991027,0.000000,1.570796
0.010000,40.000000,184.220718,166.472960,33.977404,-9.991027,0.000000,1.570796
0.010000,40.000000,184.559992,166.812235,33.877494,-9.991027,-0.000000,1.570796
0.010000,40.000000,184.898268,167.150510,33.777584,-9.991027,0.000000,1.570796
0.010000,40.000000,185.235544,167.487786,33.677673,-9.991027,0.000000,1.570796
0.010000,40.000000,185.571821,167.824064,33.577763,-9.991027,-0.000000,1.570796
0.010000,40.000000,185.907099,168.159342,33.477853,-9.991027,0.000000,1.570796
0.010000,40.000000,186.241378,168.493621,33.377943,-9.991027,0.000000,1.570796
0.010000,40.000000,186.574658,168.826900,33.278032,-9.991027,-0.000000,1.570796
0.010000,40.000000,186.906939,169.159181,33.178122,-9.991027,0.000000,1.570796
0.010000,40.000000,187.238220,169.490463,33.078212,-9.991027,0.000000,1.570796
0.010000,40.000000,187.568503,169.820745,32.978301,-9.991027,-0.000000,1.570796
0.010000,40.000000,187.897786,170.150029,32.878391,-9.991027,0.000000,1.570796
0.010000,40.000000,188.226071,170.478313,32.778481,-9.991027,0.000000,1.570796
0.010000,40.000000,188.553356,170.805599,32.678571,-9.991027,0.000000,1.570796
0.010000,40.000000,188.879642,171.131885,32.578660,-9.991027,0.000000,1.570796
0.010000,40.000000,189.204929,171.457172,32.478750,-9.991027,-0.000000,1.570796
0.010000,40.000000,189.529217,171.781460,32.378840,-9.991027,0.000000,1.570796
0.010000,40.000000,189.852506,172.104749,32.278930,-9.991027,0.000000,1.570796
0.010000,40.000000,190.174796,172.427038,32.179019,-9.991027,-0.000000,1.570796
0.010000,40.000000,190.496086,172.748329,32.079109,-9.991027,0.000000,1.570796
0.010000,40.000000,190.816378,173.068620,31.979199,-9.991027,0.000000,1.570796
0.010000,40.000000,191.135670,173.387913,31.879288,-9.991027,0.000000,1.570796
0.010000,40.000000,191.453964,173.706206,31.779378,-9.991027,0.000000,1.570796
0.010000,40.000000,191.771258,174.023500,31.679468,-9.991027,-0.000000,1.570796
0.010000,40.000000,192.087553,174.339796,31.579558,-9.991027,0.000000,1.570796
0.010000,40.000000,192.402849,174.655092,31.479647,-9.991027,0.000000,1.570796
0.010000,40.000000,192.717146,174.969389,31.379737,-9.991027,-0.000000,1.570796
0.010000,40.000000,193.030444,175.282686,31.279827,-9.991027,0.000000,1.570796
0.010000,40.000000,193.342743,175.594985,31.179917,-9.991027,0.000000,1.570796
0.010000,40.000000,193.654042,175.906285,31.080006,-9.991027,-0.000000,1.570796
0.010000,40.000000,193.964343,176.216585,30.980096,-9.991027,0.000000,1.570796
0.010000,40.000000,194.273644,176.525887,30.880186,-9.991027,-0.000000,1.570796
0.010000,40.000000,194.581946,176.834189,30.780275,-9.991027,-0.000000,1.570796
0.010000,40.000000,194.889250,177.141492,30.680365,-9.991027,0.000000,1.570796
0.010000,40.000000,195.195554,177.447796,30.580455,-9.991027,-0.000000,1.570796
0.010000,40.000000,195.500859,177.753101,30.480545,-9.991027,0.000000,1.570796
0.010000,40.000000,195.805165,178.057407,30.380634,-9.991027,-0.000000,1.570796
0.010000,40.000000,196.108471,178.360714,30.280724,-9.991027,-0.000000,1.570796
0.010000,40.000000,196.410779,178.663022,30.180814,-9.991027,0.000000,1.570796
0.010000,40.000000,196.712088,178.964330,30.080904,-9.991027,-0.000000,1.570796
0.010000,40.000000,197.012397,179.264640,29.980993,-9.991027,0.000000,1.570796
0.010000,40.000000,197.311708,179.563950,29.881083,-9.991027,0.000000,1.570796
0.010000,40.000000,197.610019,179.862261,29.781173,-9.991027,-0.000000,1.570796
0.010000,40.000000,197.907331,180.159573,29.681262,-9.991027,0.000000,1.570796
0.010000,40.000000,198.203644,180.455887,29.581352,-9.991027,0.000000,1.570796
0.010000,40.000000,198.498958,180.751201,29.481442,-9.991027,-0.000000,1.570796
0.010000,40.000000,198.793273,181.045515,29.381532,-9.991027,0.000000,1.570796
0.010000,40.000000,199.086589,181.338831,29.281621,-9.991027,0.000000,1.570796
0.010000,40.000000,199.378905,181.631148,29.181711,-9.991027,-0.000000,1.570796
0.010000,40.000000,199.670223,181.922465,29.081801,-9.991027,0.000000,1.570796
0.010000,40.000000,199.960541,182.212784,28.981891,-9.991027,-0.000000,1.570796
0.010000,40.000000,200.249861,182.502103,28.881980,-9.991027,0.000000,1.570796
0.010000,40.000000,200.538181,182.790423,28.782070,-9.991027,0.000000,1.570796
0.010000,40.000000,200.825502,183.077745,28.682160,-9.991027,-0.000000,1.570796
0.010000,40.000000,201.111824,183.364067,28.582249,-9.991027,0.000000,1.570796
0.010000,40.000000,201.397147,183.649390,28.482339,-9.991027,-0.000000,1.570796
0.010000,40.000000,201.681471,183.933713,28.382429,-9.991027,-0.000000,1.570796
0.010000,40.000000,201.964796,184.217038,28.282519,-9.991027,0.000000,1.570796
0.010000,40.000000,202.247121,184.499364,28.182608,-9.991027,-0.000000,1.570796
0.010000,40.000000,202.528448,184.780690,28.082698,-9.991027,0.000000,1.570796
0.010000,40.000000,202.808775,185.061018,27.982788,-9.991027,-0.000000,1.570796
0.010000,40.000000,203.088104,185.340346,27.882878,-9.991027,0.000000,1.570796
0.010000,40.000000,203.366433,185.618675,27.782967,-9.991027,0.000000,1.570796
0.010000,40.000000,203.643763,185.896005,27.683057,-9.991027,0.000000,1.570796
0.010000,40.000000,203.920094,186.172336,27.583147,-9.991027,-0.000000,1.570796
0.010000,40.000000,204.195426,186.447668,27.483236,-9.991027,0.000000,1.570796
0.010000,40.000000,204.469759,186.722001,27.383326,-9.991027,-0.000000,1.570796
0.010000,40.000000,204.743092,186.995335,27.283416,-9.991027,0.000000,1.570796
0.010000,40.000000,205.015427,187.267669,27.183506,-9.991027,0.000000,1.570796
0.010000,40.000000,205.286762,187.539005,27.083595,-9.991027,-0.000000,1.570796
0.010000,40.000000,205.557099,187.809341,26.983685,-9.991027,0.000000,1.570796
0.010000,40.000000,205.826436,188.078679,26.883775,-9.991027,0.000000,1.570796
0.010000,40.000000,206.094774,188.347017,26.783864,-9.991027,-0.000000,1.570796
0.010000,40.000000,206.362113,188.614356,26.683954,-9.991027,0.000000,1.570796
0.010000,40.000000,206.628453,188.880696,26.584044,-9.991027,-0.000000,1.570796
0.010000,40.000000,206.893794,189.146037,26.484134,-9.991027,0.000000,1.570796
0.010000,40.000000,207.158136,189.410379,26.384223,-9.991027,0.000000,1.570796
0.010000,40.000000,207.421479,189.673721,26.284313,-9.991027,-0.000000,1.570796
0.010000,40.000000,207.683822,189.936065,26.184403,-9.991027,0.000000,1.570796
0.010000,40.000000,207.945167,190.197409,26.084493,-9.991027,0.000000,1.570796
0.010000,40.000000,208.205512,190.457755,25.984582,-9.991027,-0.000000,1.570796
0.010000,40.000000,208.464859,190.717101,25.884672,-9.991027,-0.000000,1.570796
0.010000,40.000000,208.723206,190.975448,25.784762,-9.991027,0.000000,1.570796
0.010000,40.000000,208.980554,191.232796,25.684851,-9.991027,-0.000000,1.570796
0.010000,40.000000,209.236903,191.489145,25.584941,-9.991027,0.000000,1.570796
0.010000,40.000000,209.492253,191.744495,25.485031,-9.991027,-0.000000,1.570796
0.010000,40.000000,209.746603,191.998846,25.385121,-9.991027,0.000000,1.570796
0.010000,40.000000,209.999955,192.252198,25.285210,-9.991027,0.000000,1.570796
0.010000,40.000000,210.252308,192.504550,25.185300,-9.991027,-0.000000,1.570796
0.010000,40.000000,210.503661,192.755904,25.085390,-9.991027,0.000000,1.570796
0.010000,40.000000,210.754015,193.006258,24.985480,-9.991027,0.000000,1.570796
0.010000,40.000000,211.003371,193.255613,24.885569,-9.991027,-0.000000,1.570796
0.010000,40.000000,211.251727,193.503969,24.785659,-9.991027,0.000000,1.570796
0.010000,40.000000,211.499084,193.751326,24.685749,-9.991027,-0.000000,1.570796
0.010000,40.000000,211.745442,193.997684,24.585838,-9.991027,0.000000,1.570796
0.010000,40.000000,211.990801,194.243043,24.485928,-9.991027,-0.000000,1.570796
0.010000,40.000000,212.235160,194.487403,24.386018,-9.991027,0.000000,1.570796
0.010000,40.000000,212.478521,194.730763,24.286108,-9.991027,0.000000,1.570796
0.010000,40.000000,212.720882,194.973125,24.186197,-9.991027,0.000000,1.570796
0.010000,40.000000,212.962245,195.214487,24.086287,-9.991027,-0.000000,1.570796
0.010000,40.000000,213.202608,195.454851,23.986377,-9.991027,0.000000,1.570796
0.010000,40.000000,213.441972,195.694215,23.886467,-9.991027,-0.000000,1.570796
0.010000,40.000000,213.680338,195.932580,23.786556,-9.991027,-0.000000,1.570796
0.010000,40.000000,213.917704,196.169946,23.686646,-9.991027,0.000000,1.570796
0.010000,40.000000,214.154070,196.406313,23.586736,-9.991027,-0.000000,1.570796
0.010000,40.000000,214.389438,196.641681,23.486825,-9.991027,0.000000,1.570796
0.010000,40.000000,214.623807,196.876049,23.386915,-9.991027,0.000000,1.570796
0.010000,40.000000,214.857177,197.109419,23.287005,-9.991027,-0.000000,1.570796
0.010000,40.000000,215.089547,197.341790,23.187095,-9.991027,0.000000,1.570796
0.010000,40.000000,215.320918,197.573161,23.087184,-9.991027,0.000000,1.570796
0.010000,40.000000,215.551291,197.803533,22.987274,-9.991027,-0.000000,1.570796
0.010000,40.000000,215.780664,198.032906,22.887364,-9.991027,0.000000,1.570796
0.010000,40.000000,216.009038,198.261281,22.787454,-9.991027,0.000000,1.570796
0.010000,40.000000,216.236413,198.488655,22.687543,-9.991027,-0.000000,1.570796
0.010000,40.000000,216.462789,198.715031,22.587633,-9.991027,0.000000,1.570796
0.010000,40.000000,216.688166,198.940408,22.487723,-9.991027,-0.000000,1.570796
0.010000,40.000000,216.912543,199.164786,22.387812,-9.991027,0.000000,1.570796
0.010000,40.000000,217.135922,199.388164,22.287902,-9.991027,0.000000,1.570796
0.010000,40.000000,217.358301,199.610544,22.187992,-9.991027,-0.000000,1.570796
0.010000,40.000000,217.579682,199.831924,22.088082,-9.991027,0.000000,1.570796
0.010000,40.000000,217.800063,200.052306,21.988171,-9.991027,0.000000,1.570796
0.010000,40.000000,218.019445,200.271688,21.888261,-9.991027,-0.000000,1.570796
0.010000,40.000000,218.237828,200.490071,21.788351,-9.991027,0.000000,1.570796
0.010000,40.000000,218.455212,200.707455,21.688441,-9.991027,0.000000,1.570796
0.010000,40.000000,218.671597,200.923840,21.588530,-9.991027,-0.000000,1.570796
0.010000,40.000000,218.886983,201.139225,21.488620,-9.991027,0.000000,1.570796
0.010000,40.000000,219.101369,201.353612,21.388710,-9.991027,0.000000,1.570796
0.010000,40.000000,219.314757,201.566999,21.288799,-9.991027,-0.000000,1.570796
0.010000,40.000000,219.527145,201.779388,21.188889,-9.991027,0.000000,1.570796
0.010000,40.000000,219.738535,201.990777,21.088979,-9.991027,0.000000,1.570796
0.010000,40.000000,219.948925,202.201168,20.989069,-9.991027,0.000000,1.570796
0.010000,40.000000,220.158316,202.410559,20.889158,-9.991027,-0.000000,1.570796
0.010000,40.000000,220.366708,202.618951,20.789248,-9.991027,0.000000,1.570796
0.010000,40.000000,220.574101,202.826344,20.689338,-9.991027,0.000000,1.570796
0.010000,40.000000,220.780495,203.032737,20.589428,-9.991027,-0.000000,1.570796
0.010000,40.000000,220.985890,203.238132,20.489517,-9.991027,-0.000000,1.570796
0.010000,40.000000,221.190285,203.442528,20.389607,-9.991027,0.000000,1.570796
0.010000,40.000000,221.393682,203.645924,20.289697,-9.991027,-0.000000,1.570796
0.010000,40.000000,221.596079,203.848322,20.189786,-9.991027,0.000000,1.570796
0.010000,40.000000,221.797478,204.049720,20.089876,-9.991027,-0.000000,1.570796
0.010000,40.000000,221.997877,204.250119,19.989966,-9.991027,0.000000,1.570796
0.010000,40.000000,222.197277,204.449519,19.890056,-9.991027,0.000000,1.570796
0.010000,40.000000,222.395678,204.647920,19.790145,-9.991027,-0.000000,1.570796
0.010000,40.000000,222.593080,204.845322,19.690235,-9.991027,0.000000,1.570796
0.010000,40.000000,222.789483,205.041725,19.590325,-9.991027,0.000000,1.570796
0.010000,40.000000,222.984886,205.237129,19.490415,-9.991027,0.000000,1.570796
0.010000,40.000000,223.179291,205.431533,19.390504,-9.991027,-0.000000,1.570796
0.010000,40.000000,223.372696,205.624939,19.290594,-9.991027,0.000000,1.570796
0.010000,40.000000,223.565103,205.817345,19.190684,-9.991027,-0.000000,1.570796
0.010000,40.000000,223.756510,206.008752,19.090773,-9.991027,0.000000,1.570796
0.010000,40.000000,223.946918,206.199161,18.990863,-9.991027,0.000000,1.570796
0.010000,40.000000,224.136327,206.388570,18.890953,-9.991027,0.000000,1.570796
0.010000,40.000000,224.324737,206.576980,18.791043,-9.991027,0.000000,1.570796
0.010000,40.000000,224.512148,206.764391,18.691132,-9.991027,-0.000000,1.570796
0.010000,40.000000,224.698560,206.950802,18.591222,-9.991027,0.000000,1.570796
0.010000,40.000000,224.883973,207.136215,18.491312,-9.991027,0.000000,1.570796
0.010000,40.000000,225.068386,207.320629,18.391402,-9.991027,0.000000,1.570796
0.010000,40.000000,225.251801,207.504043,18.291491,-9.991027,-0.000000,1.570796
0.010000,40.000000,225.434216,207.686458,18.191581,-9.991027,0.000000,1.570796
0.010000,40.000000,225.615632,207.867875,18.091671,-9.991027,0.000000,1.570796
0.010000,40.000000,225.796049,208.048292,17.991760,-9.991027,0.000000,1.570796
0.010000,40.000000,225.975467,208.227710,17.891850,-9.991027,-0.000000,1.570796
0.010000,40.000000,226.153886,208.406129,17.791940,-9.991027,0.000000,1.570796
0.010000,40.000000,226.331306,208.583549,17.692030,-9.991027,-0.000000,1.570796
0.010000,40.000000,226.507727,208.759969,17.592119,-9.991027,0.000000,1.570796
0.010000,40.000000,226.683149,208.935391,17.492209,-9.991027,-0.000000,1.570796
0.010000,40.000000,226.857571,209.109814,17.392299,-9.991027,0.000000,1.570796
0.010000,40.000000,227.030995,209.283237,17.292389,-9.991027,-0.000000,1.570796
0.010000,40.000000,227.203419,209.455661,17.192478,-9.991027,0.000000,1.570796
0.010000,40.000000,227.374844,209.627087,17.092568,-9.991027,-0.000000,1.570796
0.010000,40.000000,227.545270,209.797513,16.992658,-9.991027,0.000000,1.570796
0.010000,40.000000,227.714697,209.966940,16.892747,-9.991027,-0.000000,1.570796
0.010000,40.000000,227.883125,210.135368,16.792837,-9.991027,0.000000,1.570796
0.010000,40.000000,228.050554,210.302797,16.692927,-9.991027,-0.000000,1.570796
0.010000,40.000000,228.216984,210.469226,16.593017,-9.991027,0.000000,1.570796
0.010000,40.000000,228.382414,210.634657,16.493106,-9.991027,0.000000,1.570796
0.010000,40.000000,228.546846,210.799088,16.393196,-9.991027,-0.000000,1.570796
0.010000,40.000000,228.710278,210.962521,16.293286,-9.991027,0.000000,1.570796
0.010000,40.000000,228.872712,211.124954,16.193376,-9.991027,-0.000000,1.570796
0.010000,40.000000,229.034146,211.286388,16.093465,-9.991027,0.000000,1.570796
0.010000,40.000000,229.194581,211.446823,15.993555,-9.991027,-0.000000,1.570796
0.010000,40.000000,229.354017,211.606259,15.893645,-9.991027,0.000000,1.570796
0.010000,40.000000,229.512454,211.764696,15.793734,-9.991027,-0.000000,1.570796
0.010000,40.000000,229.669892,211.922134,15.693824,-9.991027,0.000000,1.570796
0.010000,40.000000,229.826330,212.078573,15.593914,-9.991027,-0.000000,1.570796
0.010000,40.000000,229.981770,212.234012,15.494004,-9.991027,-0.000000,1.570796
0.010000,40.000000,230.136210,212.388453,15.394093,-9.991027,0.000000,1.570796
0.010000,40.000000,230.289652,212.541894,15.294183,-9.991027,0.000000,1.570796
0.010000,40.000000,230.442094,212.694337,15.194273,-9.991027,-0.000000,1.570796
0.010000,40.000000,230.593537,212.845780,15.094362,-9.991027,-0.000000,1.570796
0.010000,40.000000,230.743981,212.996224,14.994452,-9.991027,0.000000,1.570796
0.010000,40.000000,230.893426,213.145669,14.894542,-9.991027,0.000000,1.570796
0.010000,40.000000,231.041872,213.294115,14.794632,-9.991027,-0.000000,1.570796
0.010000,40.000000,231.189319,213.441561,14.694721,-9.991027,0.000000,1.570796
0.010000,40.000000,231.335767,213.588009,14.594811,-9.991027,0.000000,1.570796
0.010000,40.000000,231.481215,213.733458,14.494901,-9.991027,0.000000,1.570796
0.010000,40.000000,231.625665,213.877907,14.394991,-9.991027,-0.000000,1.570796
0.010000,40.000000,231.769115,214.021357,14.295080,-9.991027,0.000000,1.570796
0.010000,40.000000,231.911566,214.163809,14.195170,-9.991027,0.000000,1.570796
0.010000,40.000000,232.053018,214.305261,14.095260,-9.991027,0.000000,1.570796
0.010000,40.000000,232.193471,214.445714,13.995349,-9.991027,-0.000000,1.570796
0.010000,40.000000,232.332925,214.585168,13.895439,-9.991027,0.000000,1.570796
0.010000,40.000000,232.471380,214.723623,13.795529,-9.991027,0.000000,1.570796
0.010000,40.000000,232.608836,214.861078,13.695619,-9.991027,0.000000,1.570796
0.010000,40.000000,232.745293,214.997535,13.595708,-9.991027,0.000000,1.570796
0.010000,40.000000,232.880750,215.132993,13.495798,-9.991027,0.000000,1.570796
0.010000,40.000000,233.015208,215.267451,13.395888,-9.991027,0.000000,1.570796
0.010000,40.000000,233.148668,215.400910,13.295978,-9.991027,0.000000,1.570796
0.010000,40.000000,233.281128,215.533371,13.196067,-9.991027,0.000000,1.570796
0.010000,40.000000,233.412589,215.664832,13.096157,-9.991027,-0.000000,1.570796
0.010000,40.000000,233.543051,215.795294,12.996247,-9.991027,0.000000,1.570796
0.010000,40.000000,233.672514,215.924757,12.896336,-9.991027,-0.000000,1.570796
0.010000,40.000000,233.800978,216.053220,12.796426,-9.991027,0.000000,1.570796
0.010000,40.000000,233.928443,216.180685,12.696516,-9.991027,-0.000000,1.570796
0.010000,40.000000,234.054908,216.307151,12.596606,-9.991027,0.000000,1.570796
0.010000,40.000000,234.180375,216.432617,12.496695,-9.991027,-0.000000,1.570796
0.010000,40.000000,234.304842,216.557085,12.396785,-9.991027,-0.000000,1.570796
0.010000,40.000000,234.428310,216.680553,12.296875,-9.991027,0.000000,1.570796
0.010000,40.000000,234.550780,216.803022,12.196965,-9.991027,0.000000,1.570796
0.010000,40.000000,234.672250,216.924492,12.097054,-9.991027,-0.000000,1.570796
0.010000,40.000000,234.792721,217.044963,11.997144,-9.991027,-0.000000,1.570796
0.010000,40.000000,234.912193,217.164435,11.897234,-9.991027,0.000000,1.570796
0.010000,40.000000,235.030665,217.282908,11.797323,-9.991027,0.000000,1.570796
0.010000,40.000000,235.148139,217.400382,11.697413,-9.991027,-0.000000,1.570796
0.010000,40.000000,235.264614,217.516856,11.597503,-9.991027,0.000000,1.570796
0.010000,40.000000,235.380089,217.632332,11.497593,-9.991027,0.000000,1.570796
0.010000,40.000000,235.494565,217.746808,11.397682,-9.991027,-0.000000,1.570796
0.010000,40.000000,235.608043,217.860285,11.297772,-9.991027,-0.000000,1.570796
0.010000,40.000000,235.720521,217.972763,11.197862,-9.991027,0.000000,1.570796
0.010000,40.000000,235.832000,218.084242,11.097952,-9.991027,0.000000,1.570796
0.010000,40.000000,235.942480,218.194722,10.998041,-9.991027,-0.000000,1.570796
0.010000,40.000000,236.051961,218.304203,10.898131,-9.991027,0.000000,1.570796
0.010000,40.000000,236.160443,218.412685,10.798221,-9.991027,0.000000,1.570796
0.010000,40.000000,236.267925,218.520168,10.698310,-9.991027,0.000000,1.570796
0.010000,40.000000,236.374409,218.626651,10.598400,-9.991027,-0.000000,1.570796
0.010000,40.000000,236.479893,218.732136,10.498490,-9.991027,0.000000,1.570796
0.010000,40.000000,236.584379,218.836621,10.398580,-9.991027,0.000000,1.570796
0.010000,40.000000,236.687865,218.940107,10.298669,-9.991027,0.000000,1.570796
0.010000,40.000000,236.790352,219.042594,10.198759,-9.991027,0.000000,1.570796
0.010000,40.000000,236.891840,219.144083,10.098849,-9.991027,0.000000,1.570796
0.010000,40.000000,236.992329,219.244571,9.998939,-9.991027,-0.000000,1.570796
0.010000,40.000000,237.091819,219.344061,9.899028,-9.991027,0.000000,1.570796
0.010000,40.000000,237.190310,219.442552,9.799118,-9.991027,0.000000,1.570796
0.010000,40.000000,237.287801,219.540044,9.699208,-9.991027,-0.000000,1.570796
0.010000,40.000000,237.384294,219.636536,9.599297,-9.991027,-0.000000,1.570796
0.010000,40.000000,237.479787,219.732030,9.499387,-9.991027,0.000000,1.570796
0.010000,40.000000,237.574281,219.826524,9.399477,-9.991027,0.000000,1.570796
0.010000,40.000000,237.667777,219.920019,9.299567,-9.991027,-0.000000,1.570796
0.010000,40.000000,237.760273,220.012515,9.199656,-9.991027,0.000000,1.570796
0.010000,40.000000,237.851770,220.104012,9.099746,-9.991027,0.000000,1.570796
0.010000,40.000000,237.942268,220.194510,8.999836,-9.991027,0.000000,1.570796
0.010000,40.000000,238.031766,220.284009,8.899926,-9.991027,-0.000000,1.570796
0.010000,40.000000,238.120266,220.372509,8.800015,-9.991027,0.000000,1.570796
0.010000,40.000000,238.207767,220.460009,8.700105,-9.991027,0.000000,1.570796
0.010000,40.000000,238.294268,220.546511,8.600195,-9.991027,0.000000,1.570796
0.010000,40.000000,238.379771,220.632013,8.500284,-9.991027,-0.000000,1.570796
0.010000,40.000000,238.464274,220.716516,8.400374,-9.991027,0.000000,1.570796
0.010000,40.000000,238.547778,220.800021,8.300464,-9.991027,-0.000000,1.570796
0.010000,40.000000,238.630283,220.882526,8.200554,-9.991027,0.000000,1.570796
0.010000,40.000000,238.711789,220.964032,8.100643,-9.991027,-0.000000,1.570796
0.010000,40.000000,238.792296,221.044539,8.000733,-9.991027,0.000000,1.570796
0.010000,40.000000,238.871804,221.124046,7.900823,-9.991027,0.000000,1.570796
0.010000,40.000000,238.950313,221.202555,7.800913,-9.991027,0.000000,1.570796
0.010000,40.000000,239.027822,221.280065,7.701002,-9.991027,0.000000,1.570796
0.010000,40.000000,239.104333,221.356575,7.601092,-9.991027,0.000000,1.570796
0.010000,40.000000,239.179844,221.432086,7.501182,-9.991027,-0.000000,1.570796
0.010000,40.000000,239.254356,221.506599,7.401271,-9.991027,0.000000,1.570796
0.010000,40.000000,239.327869,221.580112,7.301361,-9.991027,0.000000,1.570796
0.010000,40.000000,239.400383,221.652626,7.201451,-9.991027,0.000000,1.570796
0.010000,40.000000,239.471898,221.724141,7.101541,-9.991027,0.000000,1.570796
0.010000,40.000000,239.542414,221.794657,7.001630,-9.991027,0.000000,1.570796
0.010000,40.000000,239.611931,221.864174,6.901720,-9.991027,0.000000,1.570796
0.010000,40.000000,239.680449,221.932691,6.801810,-9.991027,-0.000000,1.570796
0.010000,40.000000,239.747967,222.000210,6.701900,-9.991027,0.000000,1.570796
0.010000,40.000000,239.814487,222.066729,6.601989,-9.991027,-0.000000,1.570796
0.010000,40.000000,239.880007,222.132250,6.502079,-9.991027,0.000000,1.570796
0.010000,40.000000,239.944528,222.196771,6.402169,-9.991027,-0.000000,1.570796
0.010000,40.000000,240.008050,222.260293,6.302258,-9.991027,0.000000,1.570796
0.010000,40.000000,240.070573,222.322816,6.202348,-9.991027,-0.000000,1.570796
0.010000,40.000000,240.132097,222.384340,6.102438,-9.991027,0.000000,1.570796
0.010000,40.000000,240.192622,222.444865,6.002528,-9.991027,0.000000,1.570796
0.010000,40.000000,240.252148,222.504390,5.902617,-9.991027,0.000000,1.570796
0.010000,40.000000,240.310675,222.562917,5.802707,-9.991027,-0.000000,1.570796
0.010000,40.000000,240.368202,222.620445,5.702797,-9.991027,0.000000,1.570796
0.010000,40.000000,240.424730,222.676973,5.602887,-9.991027,-0.000000,1.570796
0.010000,40.000000,240.480260,222.732502,5.502976,-9.991027,0.000000,1.570796
0.010000,40.000000,240.534790,222.787032,5.403066,-9.991027,-0.000000,1.570796
0.010000,40.000000,240.588321,222.840564,5.303156,-9.991027,0.000000,1.570796
0.010000,40.000000,240.640853,222.893096,5.203245,-9.991027,-0.000000,1.570796
0.010000,40.000000,240.692386,222.944628,5.103335,-9.991027,0.000000,1.570796
0.010000,40.000000,240.742920,222.995162,5.003425,-9.991027,-0.000000,1.570796
0.010000,40.000000,240.792454,223.044697,4.903515,-9.991027,0.000000,1.570796
0.010000,40.000000,240.840990,223.093233,4.803604,-9.991027,0.000000,1.570796
0.010000,40.000000,240.888527,223.140769,4.703694,-9.991027,-0.000000,1.570796
0.010000,40.000000,240.935064,223.187306,4.603784,-9.991027,0.000000,1.570796
0.010000,40.000000,240.980602,223.232845,4.503873,-9.991027,0.000000,1.570796
0.010000,40.000000,241.025141,223.277384,4.403963,-9.991027,0.000000,1.570796
0.010000,40.000000,241.068682,223.320924,4.304053,-9.991027,0.000000,1.570796
0.010000,40.000000,241.111223,223.363465,4.204143,-9.991027,0.000000,1.570796
0.010000,40.000000,241.152764,223.405007,4.104232,-9.991027,-0.000000,1.570796
0.010000,40.000000,241.193307,223.445550,4.004322,-9.991027,0.000000,1.570796
0.010000,40.000000,241.232851,223.485093,3.904412,-9.991027,-0.000000,1.570796
0.010000,40.000000,241.271395,223.523638,3.804502,-9.991027,0.000000,1.570796
0.010000,40.000000,241.308941,223.561183,3.704591,-9.991027,0.000000,1.570796
0.010000,40.000000,241.345487,223.597730,3.604681,-9.991027,0.000000,1.570796
0.010000,40.000000,241.381034,223.633277,3.504771,-9.991027,0.000000,1.570796
0.010000,40.000000,241.415583,223.667825,3.404860,-9.991027,-0.000000,1.570796
0.010000,40.000000,241.449132,223.701374,3.304950,-9.991027,0.000000,1.570796
0.010000,40.000000,241.481682,223.733924,3.205040,-9.991027,0.000000,1.570796
0.010000,40.000000,241.513232,223.765475,3.105130,-9.991027,0.000000,1.570796
0.010000,40.000000,241.543784,223.796027,3.005219,-9.991027,0.000000,1.570796
0.010000,40.000000,241.573337,223.825579,2.905309,-9.991027,0.000000,1.570796
0.010000,40.000000,241.601890,223.854133,2.805399,-9.991027,-0.000000,1.570796
0.010000,40.000000,241.629445,223.881687,2.705489,-9.991027,0.000000,1.570796
0.010000,40.000000,241.656000,223.908243,2.605578,-9.991027,0.000000,1.570796
0.010000,40.000000,241.681556,223.933799,2.505668,-9.991027,-0.000000,1.570796
0.010000,40.000000,241.706114,223.958356,2.405758,-9.991027,0.000000,1.570796
0.010000,40.000000,241.729672,223.981914,2.305847,-9.991027,-0.000000,1.570796
0.010000,40.000000,241.752230,224.004473,2.205937,-9.991027,0.000000,1.570796
0.010000,40.000000,241.773790,224.026033,2.106027,-9.991027,-0.000000,1.570796
0.010000,40.000000,241.794351,224.046594,2.006117,-9.991027,0.000000,1.570796
0.010000,40.000000,241.813913,224.066155,1.906206,-9.991027,0.000000,1.570796
0.010000,40.000000,241.832475,224.084718,1.806296,-9.991027,-0.000000,1.570796
0.010000,40.000000,241.850039,224.102281,1.706386,-9.991027,-0.000000,1.570796
0.010000,40.000000,241.866603,224.118845,1.606476,-9.991027,0.000000,1.570796
0.010000,40.000000,241.882168,224.134411,1.506565,-9.991027,0.000000,1.570796
0.010000,40.000000,241.896734,224.148977,1.406655,-9.991027,-0.000000,1.570796
0.010000,40.000000,241.910301,224.162544,1.306745,-9.991027,0.000000,1.570796
0.010000,40.000000,241.922869,224.175112,1.206834,-9.991027,0.000000,1.570796
0.010000,40.000000,241.934438,224.186680,1.106924,-9.991027,-0.000000,1.570796
0.010000,40.000000,241.945008,224.197250,1.007014,-9.991027,0.000000,1.570796
0.010000,40.000000,241.954578,224.206821,0.907104,-9.991027,0.000000,1.570796
0.010000,40.000000,241.963150,224.215392,0.807193,-9.991027,-0.000000,1.570796
0.010000,40.000000,241.970722,224.222965,0.707283,-9.991027,0.000000,1.570796
0.010000,40.000000,241.977295,224.229538,0.607373,-9.991027,0.000000,1.570796
0.010000,40.000000,241.982869,224.235112,0.507463,-9.991027,-0.000000,1.570796
0.010000,40.000000,241.987466,224.239708,0.411757,-9.570588,42.043949,1.570796
0.010000,40.000000,241.991155,224.243397,0.326042,-8.571485,99.910274,1.570796
0.010000,40.000000,241.994036,224.246279,0.250318,-7.572382,99.910274,1.570796
0.010000,40.000000,241.996211,224.248453,0.184585,-6.573280,99.910274,1.570796
0.010000,40.000000,241.997778,224.250021,0.128843,-5.574177,99.910274,1.570796
0.010000,40.000000,241.998838,224.251080,0.083093,-4.575074,99.910274,1.570796
0.010000,40.000000,241.999490,224.251732,0.047333,-3.575971,99.910274,1.570796
0.010000,40.000000,241.999834,224.252077,0.021564,-2.576869,99.910274,1.570796
0.010000,40.000000,241.999971,224.252214,0.005787,-1.577766,99.910274,1.570796
0.010000,40.000000,242.000000,224.252242,0.000000,-0.578663,99.910274,1.570796
0.010000,40.000000,242.000000,224.252242,0.000000,0.000000,57.866324,1.570796
